<?xml version="1.1" encoding="UTF-8" standalone="yes"?>
<addon id="repository.supremacy" name="supremacy" version="1.4" provider-name="supremacy">
	<extension point="xbmc.addon.repository" name="supremacy">
		<info compressed="false">http://supremacy.org.uk/zip/plugin/addon.xml</info>
		<checksum>http://supremacy.org.uk/zip/plugin/addons.xml.md5</checksum>
		<datadir zip="true">http://supremacy.org.uk/zip/plugin/</datadir>
		<dir>
			<info compressed="false">https://raw.githubusercontent.com/noobsandnerds/modules4all/master/zips/addons.xml</info>
			<checksum>https://raw.githubusercontent.com/noobsandnerds/modules4all/master/zips/addons.xml.md5</checksum>
			<datadir zip="true">https://raw.githubusercontent.com/noobsandnerds/modules4all/master/zips/</datadir>
		</dir>
			<dir>
		<info compressed="false">https://github.com/tvaddonsco/tva-resolvers-repo/raw/master/addons.xml</info>
		<checksum>https://github.com/tvaddonsco/tva-resolvers-repo/raw/master/addons.xml.md5</checksum>
		<datadir zip="true">https://github.com/tvaddonsco/tva-resolvers-repo/raw/master/zips/</datadir>
	</dir>
	</extension>
	<extension point="xbmc.addon.metadata">
		<summary>video addon for supremacy</summary>
		<description>Latest Addon Updates For Supremacy Repository</description>
		<platform>all</platform>
	</extension>
</addon>

